,Node,x,y,z
0,A:VAL:3,7.187,37.019,55.641
1,A:VAL:4,10.43,35.155,56.407
2,A:SER:5,11.875,31.826,57.568
3,A:LEU:6,14.189,31.943,60.562
4,A:ASP:7,15.957,29.228,62.496
5,A:LYS:8,16.035,31.251,65.701
6,A:PRO:9,15.514,34.919,66.633
7,A:PHE:10,18.38,37.283,67.48
8,A:MET:11,18.8,36.696,71.234
9,A:TYR:12,21.91,38.805,71.935
10,A:PHE:13,22.778,42.075,70.152
11,A:GLU:14,26.129,40.774,68.884
12,A:GLU:15,24.138,38.45,66.597
13,A:ILE:16,22.328,41.149,64.574
14,A:ASP:17,23.726,40.37,61.092
15,A:ASN:18,22.787,43.583,59.256
16,A:GLU:19,22.667,47.358,59.791
17,A:LEU:20,20.532,50.221,58.462
18,A:ASP:21,21.163,53.939,58.758
19,A:TYR:22,18.535,55.44,61.069
20,A:GLU:23,15.617,57.157,59.361
21,A:PRO:24,14.371,59.921,61.691
22,A:GLU:25,10.835,59.641,60.261
23,A:SER:26,10.641,56.362,62.225
24,A:ALA:27,9.807,58.207,65.44
25,A:ASN:28,6.546,59.294,63.785
26,A:GLU:29,5.329,55.67,63.705
27,A:VAL:30,3.214,54.105,66.474
28,A:ALA:31,5.5,52.405,68.99
29,A:LYS:32,3.052,50.589,71.243
30,A:LYS:33,0.668,48.09,69.587
31,A:LEU:34,-0.657,46.426,72.748
32,A:PRO:35,-1.654,47.613,76.25
33,A:TYR:36,0.983,47.322,78.97
34,A:GLN:37,3.629,46.508,76.398
35,A:GLY:38,6.461,47.83,78.594
36,A:GLN:39,5.231,45.789,81.576
37,A:LEU:40,5.213,42.675,79.353
38,A:LYS:41,8.656,43.471,77.917
39,A:LEU:42,10.014,43.77,81.465
40,A:LEU:43,8.427,40.555,82.684
41,A:LEU:44,9.938,38.406,79.887
42,A:GLY:45,13.456,39.754,80.324
43,A:GLU:46,13.342,39.37,84.06
44,A:LEU:47,11.771,35.888,83.946
45,A:PHE:48,14.448,34.895,81.472
46,A:PHE:49,17.476,36.306,83.38
47,A:LEU:50,16.091,35.077,86.726
48,A:SER:51,15.706,31.586,85.264
49,A:LYS:52,19.348,31.575,84.128
50,A:LEU:53,19.972,32.353,87.799
51,A:GLN:54,17.699,29.606,89.019
52,A:ARG:55,19.502,27.3,86.548
53,A:HIS:56,22.848,28.228,88.189
54,A:GLY:57,21.556,27.98,91.755
55,A:ILE:58,21.977,31.7,92.491
56,A:LEU:59,18.301,32.595,92.975
57,A:ASP:60,17.363,30.709,96.175
58,A:GLY:61,18.085,32.601,99.403
59,A:ALA:62,18.924,35.689,97.383
60,A:THR:63,17.575,39.188,97.867
61,A:VAL:64,16.465,40.788,94.616
62,A:VAL:65,17.033,44.547,94.833
63,A:TYR:66,15.051,46.212,92.07
64,A:ILE:67,15.921,49.92,91.994
65,A:GLY:68,13.701,51.986,89.683
66,A:SER:69,10.829,49.569,90.187
67,A:ALA:70,7.636,51.682,89.892
68,A:PRO:71,4.822,51.006,89.128
69,A:GLY:72,6.185,47.458,88.73
70,A:THR:73,2.808,45.866,87.934
71,A:HIS:74,4.589,42.937,86.256
72,A:ILE:75,6.774,42.287,89.348
73,A:ARG:76,3.844,40.818,91.319
74,A:TYR:77,3.595,38.094,88.635
75,A:LEU:78,7.357,37.438,88.975
76,A:ARG:79,6.973,37.282,92.731
77,A:ASP:80,4.077,34.774,92.573
78,A:HIS:81,5.999,32.746,89.971
79,A:PHE:82,9.14,31.895,91.94
80,A:TYR:83,7.031,31.807,95.11
81,A:ASN:84,4.866,28.999,93.631
82,A:LEU:85,8.009,27.351,92.248
83,A:GLY:86,9.307,26.892,95.798
84,A:VAL:87,12.164,29.366,95.478
85,A:ILE:88,12.997,31.589,98.447
86,A:ILE:89,13.561,35.203,97.396
87,A:LYS:90,13.353,38.52,99.229
88,A:TRP:91,12.322,41.518,97.114
89,A:MET:92,13.233,45.101,97.872
90,A:LEU:93,11.678,47.566,95.469
91,A:ILE:94,13.105,51.071,95.689
92,A:ASP:95,11.803,54.003,93.619
93,A:GLY:96,10.568,57.538,94.27
94,A:ARG:97,7.372,56.917,92.29
95,A:HIS:98,4.398,54.957,93.73
96,A:HIS:99,4.326,51.161,93.287
97,A:ASP:100,1.243,49.302,92.074
98,A:PRO:101,-1.181,48.576,94.986
